Mois,Région,Consommation brute (MWh),Anomalie
2014-01-01,Auvergne-Rhône-Alpes,6614024.0,1
2014-02-01,Auvergne-Rhône-Alpes,5971239.0,1
2014-03-01,Auvergne-Rhône-Alpes,5894493.0,1
2014-04-01,Auvergne-Rhône-Alpes,5045286.0,1
2014-05-01,Auvergne-Rhône-Alpes,4770342.0,1
2014-06-01,Auvergne-Rhône-Alpes,4517272.0,1
2014-07-01,Auvergne-Rhône-Alpes,4720235.0,1
2014-08-01,Auvergne-Rhône-Alpes,4202267.0,1
2014-09-01,Auvergne-Rhône-Alpes,4625125.0,1
2014-10-01,Auvergne-Rhône-Alpes,5003876.0,1
2014-11-01,Auvergne-Rhône-Alpes,5570732.0,1
2014-12-01,Auvergne-Rhône-Alpes,6617878.0,1
2015-01-01,Auvergne-Rhône-Alpes,7026045.0,1
2015-02-01,Auvergne-Rhône-Alpes,6600432.0,1
2015-03-01,Auvergne-Rhône-Alpes,6263305.0,1
2015-04-01,Auvergne-Rhône-Alpes,5195536.0,1
2015-05-01,Auvergne-Rhône-Alpes,4738602.0,1
2015-06-01,Auvergne-Rhône-Alpes,4930204.0,1
2015-07-01,Auvergne-Rhône-Alpes,5005648.0,1
2015-08-01,Auvergne-Rhône-Alpes,4404973.0,1
2015-09-01,Auvergne-Rhône-Alpes,4688122.0,1
2015-10-01,Auvergne-Rhône-Alpes,5524149.0,1
2015-11-01,Auvergne-Rhône-Alpes,5722482.0,1
2015-12-01,Auvergne-Rhône-Alpes,6156748.0,1
2016-01-01,Auvergne-Rhône-Alpes,6797527.0,1
2016-02-01,Auvergne-Rhône-Alpes,6366734.0,1
2016-03-01,Auvergne-Rhône-Alpes,6527885.0,1
2016-04-01,Auvergne-Rhône-Alpes,5325873.0,1
2016-05-01,Auvergne-Rhône-Alpes,4882200.0,1
2016-06-01,Auvergne-Rhône-Alpes,4568499.0,1
2016-07-01,Auvergne-Rhône-Alpes,4719651.0,1
2016-08-01,Auvergne-Rhône-Alpes,4380219.0,1
2016-09-01,Auvergne-Rhône-Alpes,4620272.0,1
2016-10-01,Auvergne-Rhône-Alpes,5394341.0,1
2016-11-01,Auvergne-Rhône-Alpes,5998804.0,1
2016-12-01,Auvergne-Rhône-Alpes,7018432.0,1
2017-01-01,Auvergne-Rhône-Alpes,7895235.0,-1
2017-02-01,Auvergne-Rhône-Alpes,5996758.0,1
2017-03-01,Auvergne-Rhône-Alpes,5881424.0,1
2017-04-01,Auvergne-Rhône-Alpes,5086468.0,1
2017-05-01,Auvergne-Rhône-Alpes,4904427.0,1
2017-06-01,Auvergne-Rhône-Alpes,4680859.0,1
2017-07-01,Auvergne-Rhône-Alpes,4782045.0,1
2017-08-01,Auvergne-Rhône-Alpes,4432717.0,1
2017-09-01,Auvergne-Rhône-Alpes,4696966.0,1
2017-10-01,Auvergne-Rhône-Alpes,5078271.0,1
2017-11-01,Auvergne-Rhône-Alpes,6225479.0,1
2017-12-01,Auvergne-Rhône-Alpes,7092864.0,-1
2018-01-01,Auvergne-Rhône-Alpes,6620270.0,1
2018-02-01,Auvergne-Rhône-Alpes,6764587.0,1
2018-03-01,Auvergne-Rhône-Alpes,6614156.0,1
2018-04-01,Auvergne-Rhône-Alpes,5043516.0,1
2018-05-01,Auvergne-Rhône-Alpes,4786841.0,1
2018-06-01,Auvergne-Rhône-Alpes,4620607.0,1
2018-07-01,Auvergne-Rhône-Alpes,4912655.0,1
2018-08-01,Auvergne-Rhône-Alpes,4482336.0,1
2018-09-01,Auvergne-Rhône-Alpes,4597425.0,1
2018-10-01,Auvergne-Rhône-Alpes,5187583.0,1
2018-11-01,Auvergne-Rhône-Alpes,5858195.0,1
2018-12-01,Auvergne-Rhône-Alpes,6550889.0,1
2019-01-01,Auvergne-Rhône-Alpes,7457570.0,-1
2019-02-01,Auvergne-Rhône-Alpes,6128312.0,1
2019-03-01,Auvergne-Rhône-Alpes,5944971.0,1
2019-04-01,Auvergne-Rhône-Alpes,5192058.0,1
2019-05-01,Auvergne-Rhône-Alpes,4965259.0,1
2019-06-01,Auvergne-Rhône-Alpes,4541503.0,1
2019-07-01,Auvergne-Rhône-Alpes,4835144.0,1
2019-08-01,Auvergne-Rhône-Alpes,4304256.0,1
2019-09-01,Auvergne-Rhône-Alpes,4466803.0,1
2019-10-01,Auvergne-Rhône-Alpes,4842849.0,1
2019-11-01,Auvergne-Rhône-Alpes,5690346.0,1
2019-12-01,Auvergne-Rhône-Alpes,6172097.0,1
2020-01-01,Auvergne-Rhône-Alpes,6713806.0,1
2020-02-01,Auvergne-Rhône-Alpes,5907657.0,1
2020-03-01,Auvergne-Rhône-Alpes,5421803.0,1
2020-04-01,Auvergne-Rhône-Alpes,4156370.0,-1
2020-05-01,Auvergne-Rhône-Alpes,4198095.0,1
2020-06-01,Auvergne-Rhône-Alpes,4265838.0,1
2020-07-01,Auvergne-Rhône-Alpes,4533361.0,1
2020-08-01,Auvergne-Rhône-Alpes,4200874.0,1
2020-09-01,Auvergne-Rhône-Alpes,4453969.0,1
2020-10-01,Auvergne-Rhône-Alpes,5221844.0,1
2020-11-01,Auvergne-Rhône-Alpes,5380316.0,1
2020-12-01,Auvergne-Rhône-Alpes,6385286.0,1
2021-01-01,Auvergne-Rhône-Alpes,7087634.0,1
2021-02-01,Auvergne-Rhône-Alpes,5668906.0,1
2021-03-01,Auvergne-Rhône-Alpes,5970297.0,1
2021-04-01,Auvergne-Rhône-Alpes,5100480.0,1
2021-05-01,Auvergne-Rhône-Alpes,4820931.0,1
2021-06-01,Auvergne-Rhône-Alpes,4506075.0,1
2021-07-01,Auvergne-Rhône-Alpes,4566452.0,1
2021-08-01,Auvergne-Rhône-Alpes,4200908.0,1
2021-09-01,Auvergne-Rhône-Alpes,4475528.0,1
2021-10-01,Auvergne-Rhône-Alpes,5178282.0,1
2021-11-01,Auvergne-Rhône-Alpes,6078521.0,1
2021-12-01,Auvergne-Rhône-Alpes,6993220.0,-1
2022-01-01,Auvergne-Rhône-Alpes,7476222.0,-1
2022-02-01,Auvergne-Rhône-Alpes,6153674.0,1
2022-03-01,Auvergne-Rhône-Alpes,6018376.0,1
2022-04-01,Auvergne-Rhône-Alpes,5155719.0,1
2022-05-01,Auvergne-Rhône-Alpes,4607827.0,1
2022-06-01,Auvergne-Rhône-Alpes,4606318.0,1
2022-07-01,Auvergne-Rhône-Alpes,4799856.0,1
2022-08-01,Auvergne-Rhône-Alpes,4412770.0,1
2022-09-01,Auvergne-Rhône-Alpes,4514843.0,1
2022-10-01,Auvergne-Rhône-Alpes,4543648.0,1
2022-11-01,Auvergne-Rhône-Alpes,5198346.0,1
2022-12-01,Auvergne-Rhône-Alpes,6240469.0,1
2023-01-01,Auvergne-Rhône-Alpes,6505543.0,1
2023-02-01,Auvergne-Rhône-Alpes,5725982.0,1
2023-03-01,Auvergne-Rhône-Alpes,5552354.0,1
2023-04-01,Auvergne-Rhône-Alpes,4967189.0,1
2023-05-01,Auvergne-Rhône-Alpes,4485342.0,1
2023-06-01,Auvergne-Rhône-Alpes,4357050.0,1
2023-07-01,Auvergne-Rhône-Alpes,4568736.0,1
2023-08-01,Auvergne-Rhône-Alpes,4261992.0,1
2023-09-01,Auvergne-Rhône-Alpes,4341834.0,1
2023-10-01,Auvergne-Rhône-Alpes,4545188.0,1
2023-11-01,Auvergne-Rhône-Alpes,5446118.0,1
2023-12-01,Auvergne-Rhône-Alpes,6090498.0,1
2014-01-01,Bourgogne-Franche-Comté,2202058.0,1
2014-02-01,Bourgogne-Franche-Comté,1980321.0,1
2014-03-01,Bourgogne-Franche-Comté,1913817.0,1
2014-04-01,Bourgogne-Franche-Comté,1645763.0,1
2014-05-01,Bourgogne-Franche-Comté,1589965.0,1
2014-06-01,Bourgogne-Franche-Comté,1467304.0,1
2014-07-01,Bourgogne-Franche-Comté,1523175.0,1
2014-08-01,Bourgogne-Franche-Comté,1312248.0,1
2014-09-01,Bourgogne-Franche-Comté,1501305.0,1
2014-10-01,Bourgogne-Franche-Comté,1691809.0,1
2014-11-01,Bourgogne-Franche-Comté,1833025.0,1
2014-12-01,Bourgogne-Franche-Comté,2088168.0,1
2015-01-01,Bourgogne-Franche-Comté,2165241.0,1
2015-02-01,Bourgogne-Franche-Comté,2026579.0,1
2015-03-01,Bourgogne-Franche-Comté,1837052.0,1
2015-04-01,Bourgogne-Franche-Comté,1695491.0,1
2015-05-01,Bourgogne-Franche-Comté,1521488.0,1
2015-06-01,Bourgogne-Franche-Comté,1342496.0,1
2015-07-01,Bourgogne-Franche-Comté,1551895.0,1
2015-08-01,Bourgogne-Franche-Comté,1361725.0,1
2015-09-01,Bourgogne-Franche-Comté,1548184.0,1
2015-10-01,Bourgogne-Franche-Comté,1804438.0,1
2015-11-01,Bourgogne-Franche-Comté,1897479.0,1
2015-12-01,Bourgogne-Franche-Comté,2061254.0,1
2016-01-01,Bourgogne-Franche-Comté,2224626.0,1
2016-02-01,Bourgogne-Franche-Comté,2068288.0,1
2016-03-01,Bourgogne-Franche-Comté,2117391.0,1
2016-04-01,Bourgogne-Franche-Comté,1734382.0,1
2016-05-01,Bourgogne-Franche-Comté,1602749.0,1
2016-06-01,Bourgogne-Franche-Comté,1501043.0,1
2016-07-01,Bourgogne-Franche-Comté,1495744.0,1
2016-08-01,Bourgogne-Franche-Comté,1399694.0,1
2016-09-01,Bourgogne-Franche-Comté,1525226.0,1
2016-10-01,Bourgogne-Franche-Comté,1793669.0,1
2016-11-01,Bourgogne-Franche-Comté,2032999.0,1
2016-12-01,Bourgogne-Franche-Comté,2322128.0,1
2017-01-01,Bourgogne-Franche-Comté,2595148.0,-1
2017-02-01,Bourgogne-Franche-Comté,1976817.0,1
2017-03-01,Bourgogne-Franche-Comté,1914080.0,1
2017-04-01,Bourgogne-Franche-Comté,1680819.0,1
2017-05-01,Bourgogne-Franche-Comté,1631630.0,1
2017-06-01,Bourgogne-Franche-Comté,1510269.0,1
2017-07-01,Bourgogne-Franche-Comté,1529844.0,1
2017-08-01,Bourgogne-Franche-Comté,1373129.0,1
2017-09-01,Bourgogne-Franche-Comté,1540977.0,1
2017-10-01,Bourgogne-Franche-Comté,1732490.0,1
2017-11-01,Bourgogne-Franche-Comté,2068106.0,1
2017-12-01,Bourgogne-Franche-Comté,2292143.0,-1
2018-01-01,Bourgogne-Franche-Comté,2152153.0,1
2018-02-01,Bourgogne-Franche-Comté,2212868.0,1
2018-03-01,Bourgogne-Franche-Comté,2166484.0,1
2018-04-01,Bourgogne-Franche-Comté,1623237.0,1
2018-05-01,Bourgogne-Franche-Comté,1556072.0,1
2018-06-01,Bourgogne-Franche-Comté,1496953.0,1
2018-07-01,Bourgogne-Franche-Comté,1529071.0,1
2018-08-01,Bourgogne-Franche-Comté,1407467.0,1
2018-09-01,Bourgogne-Franche-Comté,1476933.0,1
2018-10-01,Bourgogne-Franche-Comté,1692877.0,1
2018-11-01,Bourgogne-Franche-Comté,1952867.0,1
2018-12-01,Bourgogne-Franche-Comté,2075207.0,1
2019-01-01,Bourgogne-Franche-Comté,2391909.0,-1
2019-02-01,Bourgogne-Franche-Comté,1970138.0,1
2019-03-01,Bourgogne-Franche-Comté,1980072.0,1
2019-04-01,Bourgogne-Franche-Comté,1725063.0,1
2019-05-01,Bourgogne-Franche-Comté,1675108.0,1
2019-06-01,Bourgogne-Franche-Comté,1490673.0,1
2019-07-01,Bourgogne-Franche-Comté,1542519.0,1
2019-08-01,Bourgogne-Franche-Comté,1322679.0,1
2019-09-01,Bourgogne-Franche-Comté,1474215.0,1
2019-10-01,Bourgogne-Franche-Comté,1675671.0,1
2019-11-01,Bourgogne-Franche-Comté,1926517.0,1
2019-12-01,Bourgogne-Franche-Comté,2028811.0,1
2020-01-01,Bourgogne-Franche-Comté,2184808.0,1
2020-02-01,Bourgogne-Franche-Comté,1929069.0,1
2020-03-01,Bourgogne-Franche-Comté,1800596.0,1
2020-04-01,Bourgogne-Franche-Comté,1385248.0,1
2020-05-01,Bourgogne-Franche-Comté,1459398.0,1
2020-06-01,Bourgogne-Franche-Comté,1393150.0,1
2020-07-01,Bourgogne-Franche-Comté,1450494.0,1
2020-08-01,Bourgogne-Franche-Comté,1364228.0,1
2020-09-01,Bourgogne-Franche-Comté,1471413.0,1
2020-10-01,Bourgogne-Franche-Comté,1777911.0,1
2020-11-01,Bourgogne-Franche-Comté,1792403.0,1
2020-12-01,Bourgogne-Franche-Comté,2083197.0,1
2021-01-01,Bourgogne-Franche-Comté,2327774.0,-1
2021-02-01,Bourgogne-Franche-Comté,1926747.0,1
2021-03-01,Bourgogne-Franche-Comté,1937471.0,1
2021-04-01,Bourgogne-Franche-Comté,1711937.0,1
2021-05-01,Bourgogne-Franche-Comté,1639252.0,1
2021-06-01,Bourgogne-Franche-Comté,1473976.0,1
2021-07-01,Bourgogne-Franche-Comté,1483409.0,1
2021-08-01,Bourgogne-Franche-Comté,1360576.0,1
2021-09-01,Bourgogne-Franche-Comté,1493394.0,1
2021-10-01,Bourgogne-Franche-Comté,1713008.0,1
2021-11-01,Bourgogne-Franche-Comté,2019328.0,1
2021-12-01,Bourgogne-Franche-Comté,2216101.0,1
2022-01-01,Bourgogne-Franche-Comté,2322146.0,1
2022-02-01,Bourgogne-Franche-Comté,1942296.0,1
2022-03-01,Bourgogne-Franche-Comté,1878783.0,1
2022-04-01,Bourgogne-Franche-Comté,1625052.0,1
2022-05-01,Bourgogne-Franche-Comté,1421916.0,1
2022-06-01,Bourgogne-Franche-Comté,1394238.0,1
2022-07-01,Bourgogne-Franche-Comté,1415612.0,1
2022-08-01,Bourgogne-Franche-Comté,1300233.0,-1
2022-09-01,Bourgogne-Franche-Comté,1430117.0,1
2022-10-01,Bourgogne-Franche-Comté,1491948.0,1
2022-11-01,Bourgogne-Franche-Comté,1680424.0,1
2022-12-01,Bourgogne-Franche-Comté,1984843.0,1
2023-01-01,Bourgogne-Franche-Comté,2046260.0,1
2023-02-01,Bourgogne-Franche-Comté,1850125.0,1
2023-03-01,Bourgogne-Franche-Comté,1836913.0,1
2023-04-01,Bourgogne-Franche-Comté,1609476.0,1
2023-05-01,Bourgogne-Franche-Comté,1421097.0,1
2023-06-01,Bourgogne-Franche-Comté,1348599.0,1
2023-07-01,Bourgogne-Franche-Comté,1405415.0,1
2023-08-01,Bourgogne-Franche-Comté,1294706.0,-1
2023-09-01,Bourgogne-Franche-Comté,1371357.0,1
2023-10-01,Bourgogne-Franche-Comté,1522528.0,1
2023-11-01,Bourgogne-Franche-Comté,1805858.0,1
2023-12-01,Bourgogne-Franche-Comté,1992106.0,1
2014-01-01,Bretagne,2382201.0,1
2014-02-01,Bretagne,2153652.0,1
2014-03-01,Bretagne,2075754.0,1
2014-04-01,Bretagne,1741070.0,1
2014-05-01,Bretagne,1563823.0,1
2014-06-01,Bretagne,1425589.0,1
2014-07-01,Bretagne,1498281.0,1
2014-08-01,Bretagne,1408562.0,-1
2014-09-01,Bretagne,1473232.0,1
2014-10-01,Bretagne,1640037.0,1
2014-11-01,Bretagne,1892592.0,1
2014-12-01,Bretagne,2309907.0,1
2015-01-01,Bretagne,2453112.0,1
2015-02-01,Bretagne,2335081.0,1
2015-03-01,Bretagne,2215240.0,1
2015-04-01,Bretagne,1708769.0,1
2015-05-01,Bretagne,1583542.0,1
2015-06-01,Bretagne,1469483.0,1
2015-07-01,Bretagne,1507200.0,1
2015-08-01,Bretagne,1456313.0,1
2015-09-01,Bretagne,1496728.0,1
2015-10-01,Bretagne,1751879.0,1
2015-11-01,Bretagne,1839220.0,1
2015-12-01,Bretagne,2034512.0,1
2016-01-01,Bretagne,2382828.0,1
2016-02-01,Bretagne,2228454.0,1
2016-03-01,Bretagne,2289868.0,1
2016-04-01,Bretagne,1915038.0,1
2016-05-01,Bretagne,1560165.0,1
2016-06-01,Bretagne,1456608.0,1
2016-07-01,Bretagne,1459368.0,1
2016-08-01,Bretagne,1444554.0,1
2016-09-01,Bretagne,1463301.0,1
2016-10-01,Bretagne,1762175.0,1
2016-11-01,Bretagne,2092284.0,1
2016-12-01,Bretagne,2381739.0,1
2017-01-01,Bretagne,2717143.0,-1
2017-02-01,Bretagne,2141758.0,1
2017-03-01,Bretagne,2045707.0,1
2017-04-01,Bretagne,1681454.0,1
2017-05-01,Bretagne,1555286.0,1
2017-06-01,Bretagne,1433231.0,1
2017-07-01,Bretagne,1476830.0,1
2017-08-01,Bretagne,1455998.0,1
2017-09-01,Bretagne,1527491.0,1
2017-10-01,Bretagne,1685537.0,1
2017-11-01,Bretagne,2100320.0,1
2017-12-01,Bretagne,2426347.0,1
2018-01-01,Bretagne,2367717.0,1
2018-02-01,Bretagne,2413401.0,1
2018-03-01,Bretagne,2401348.0,1
2018-04-01,Bretagne,1755313.0,1
2018-05-01,Bretagne,1530812.0,1
2018-06-01,Bretagne,1443488.0,1
2018-07-01,Bretagne,1489162.0,1
2018-08-01,Bretagne,1465749.0,1
2018-09-01,Bretagne,1456714.0,1
2018-10-01,Bretagne,1743027.0,1
2018-11-01,Bretagne,2135172.0,1
2018-12-01,Bretagne,2277607.0,1
2019-01-01,Bretagne,2548107.0,-1
2019-02-01,Bretagne,2116525.0,1
2019-03-01,Bretagne,2102489.0,1
2019-04-01,Bretagne,1850131.0,1
2019-05-01,Bretagne,1632027.0,1
2019-06-01,Bretagne,1480812.0,1
2019-07-01,Bretagne,1524840.0,1
2019-08-01,Bretagne,1466429.0,1
2019-09-01,Bretagne,1476490.0,1
2019-10-01,Bretagne,1776141.0,1
2019-11-01,Bretagne,2197160.0,1
2019-12-01,Bretagne,2397986.0,1
2020-01-01,Bretagne,2447442.0,1
2020-02-01,Bretagne,2167225.0,1
2020-03-01,Bretagne,2120566.0,1
2020-04-01,Bretagne,1516286.0,1
2020-05-01,Bretagne,1436842.0,1
2020-06-01,Bretagne,1450031.0,1
2020-07-01,Bretagne,1516869.0,1
2020-08-01,Bretagne,1473729.0,1
2020-09-01,Bretagne,1527706.0,1
2020-10-01,Bretagne,1885107.0,1
2020-11-01,Bretagne,1949221.0,1
2020-12-01,Bretagne,2403377.0,1
2021-01-01,Bretagne,2651468.0,-1
2021-02-01,Bretagne,2265117.0,1
2021-03-01,Bretagne,2222225.0,1
2021-04-01,Bretagne,1852766.0,1
2021-05-01,Bretagne,1714852.0,1
2021-06-01,Bretagne,1511395.0,1
2021-07-01,Bretagne,1547267.0,1
2021-08-01,Bretagne,1493410.0,1
2021-09-01,Bretagne,1412842.0,-1
2021-10-01,Bretagne,1632431.0,1
2021-11-01,Bretagne,2089603.0,1
2021-12-01,Bretagne,2360480.0,1
2022-01-01,Bretagne,2474340.0,-1
2022-02-01,Bretagne,2109416.0,1
2022-03-01,Bretagne,2053373.0,1
2022-04-01,Bretagne,1732043.0,1
2022-05-01,Bretagne,1484674.0,1
2022-06-01,Bretagne,1419511.0,1
2022-07-01,Bretagne,1460027.0,1
2022-08-01,Bretagne,1448858.0,1
2022-09-01,Bretagne,1475724.0,1
2022-10-01,Bretagne,1500942.0,1
2022-11-01,Bretagne,1736408.0,1
2022-12-01,Bretagne,2383486.0,1
2023-01-01,Bretagne,2414475.0,1
2023-02-01,Bretagne,2085255.0,1
2023-03-01,Bretagne,2095115.0,1
2023-04-01,Bretagne,1720514.0,1
2023-05-01,Bretagne,1492593.0,1
2023-06-01,Bretagne,1430069.0,1
2023-07-01,Bretagne,1468636.0,1
2023-08-01,Bretagne,1462458.0,1
2023-09-01,Bretagne,1461670.0,1
2023-10-01,Bretagne,1608573.0,1
2023-11-01,Bretagne,1925633.0,1
2023-12-01,Bretagne,2198264.0,1
2014-01-01,Centre-Val de Loire,1921951.0,1
2014-02-01,Centre-Val de Loire,1738528.0,1
2014-03-01,Centre-Val de Loire,1659474.0,1
2014-04-01,Centre-Val de Loire,1421900.0,1
2014-05-01,Centre-Val de Loire,1292989.0,1
2014-06-01,Centre-Val de Loire,1184897.0,1
2014-07-01,Centre-Val de Loire,1237245.0,1
2014-08-01,Centre-Val de Loire,1118511.0,-1
2014-09-01,Centre-Val de Loire,1231916.0,1
2014-10-01,Centre-Val de Loire,1381932.0,1
2014-11-01,Centre-Val de Loire,1562206.0,1
2014-12-01,Centre-Val de Loire,1997626.0,1
2015-01-01,Centre-Val de Loire,2062875.0,1
2015-02-01,Centre-Val de Loire,1927675.0,1
2015-03-01,Centre-Val de Loire,1778664.0,1
2015-04-01,Centre-Val de Loire,1374079.0,1
2015-05-01,Centre-Val de Loire,1254474.0,1
2015-06-01,Centre-Val de Loire,1305219.0,1
2015-07-01,Centre-Val de Loire,1317255.0,1
2015-08-01,Centre-Val de Loire,1170406.0,1
2015-09-01,Centre-Val de Loire,1250512.0,1
2015-10-01,Centre-Val de Loire,1464550.0,1
2015-11-01,Centre-Val de Loire,1530790.0,1
2015-12-01,Centre-Val de Loire,1712027.0,1
2016-01-01,Centre-Val de Loire,1961040.0,1
2016-02-01,Centre-Val de Loire,1844492.0,1
2016-03-01,Centre-Val de Loire,1851926.0,1
2016-04-01,Centre-Val de Loire,1489851.0,1
2016-05-01,Centre-Val de Loire,1278293.0,1
2016-06-01,Centre-Val de Loire,1179671.0,1
2016-07-01,Centre-Val de Loire,1213518.0,1
2016-08-01,Centre-Val de Loire,1185583.0,1
2016-09-01,Centre-Val de Loire,1196084.0,1
2016-10-01,Centre-Val de Loire,1458292.0,1
2016-11-01,Centre-Val de Loire,1731226.0,1
2016-12-01,Centre-Val de Loire,2028967.0,1
2017-01-01,Centre-Val de Loire,2293724.0,-1
2017-02-01,Centre-Val de Loire,1722468.0,1
2017-03-01,Centre-Val de Loire,1679555.0,1
2017-04-01,Centre-Val de Loire,1433576.0,1
2017-05-01,Centre-Val de Loire,1283068.0,1
2017-06-01,Centre-Val de Loire,1254512.0,1
2017-07-01,Centre-Val de Loire,1260940.0,1
2017-08-01,Centre-Val de Loire,1172801.0,1
2017-09-01,Centre-Val de Loire,1200203.0,1
2017-10-01,Centre-Val de Loire,1364137.0,1
2017-11-01,Centre-Val de Loire,1744735.0,1
2017-12-01,Centre-Val de Loire,2006161.0,1
2018-01-01,Centre-Val de Loire,1886715.0,1
2018-02-01,Centre-Val de Loire,2009297.0,1
2018-03-01,Centre-Val de Loire,1853227.0,1
2018-04-01,Centre-Val de Loire,1326256.0,1
2018-05-01,Centre-Val de Loire,1225703.0,1
2018-06-01,Centre-Val de Loire,1190405.0,1
2018-07-01,Centre-Val de Loire,1270887.0,1
2018-08-01,Centre-Val de Loire,1224881.0,1
2018-09-01,Centre-Val de Loire,1187613.0,1
2018-10-01,Centre-Val de Loire,1363029.0,1
2018-11-01,Centre-Val de Loire,1679962.0,1
2018-12-01,Centre-Val de Loire,1902269.0,1
2019-01-01,Centre-Val de Loire,2170676.0,-1
2019-02-01,Centre-Val de Loire,1765705.0,1
2019-03-01,Centre-Val de Loire,1710023.0,1
2019-04-01,Centre-Val de Loire,1425556.0,1
2019-05-01,Centre-Val de Loire,1317227.0,1
2019-06-01,Centre-Val de Loire,1195223.0,1
2019-07-01,Centre-Val de Loire,1304121.0,1
2019-08-01,Centre-Val de Loire,1205785.0,1
2019-09-01,Centre-Val de Loire,1223584.0,1
2019-10-01,Centre-Val de Loire,1363023.0,1
2019-11-01,Centre-Val de Loire,1685478.0,1
2019-12-01,Centre-Val de Loire,1828099.0,1
2020-01-01,Centre-Val de Loire,1952916.0,1
2020-02-01,Centre-Val de Loire,1754317.0,1
2020-03-01,Centre-Val de Loire,1652119.0,1
2020-04-01,Centre-Val de Loire,1211857.0,1
2020-05-01,Centre-Val de Loire,1177257.0,1
2020-06-01,Centre-Val de Loire,1140527.0,1
2020-07-01,Centre-Val de Loire,1250313.0,1
2020-08-01,Centre-Val de Loire,1167401.0,1
2020-09-01,Centre-Val de Loire,1190972.0,1
2020-10-01,Centre-Val de Loire,1485953.0,1
2020-11-01,Centre-Val de Loire,1596930.0,1
2020-12-01,Centre-Val de Loire,1936770.0,1
2021-01-01,Centre-Val de Loire,2094590.0,-1
2021-02-01,Centre-Val de Loire,1793507.0,1
2021-03-01,Centre-Val de Loire,1755588.0,1
2021-04-01,Centre-Val de Loire,1452319.0,1
2021-05-01,Centre-Val de Loire,1314928.0,1
2021-06-01,Centre-Val de Loire,1128751.0,1
2021-07-01,Centre-Val de Loire,1180037.0,1
2021-08-01,Centre-Val de Loire,1212815.0,1
2021-09-01,Centre-Val de Loire,1168902.0,1
2021-10-01,Centre-Val de Loire,1375421.0,1
2021-11-01,Centre-Val de Loire,1768758.0,1
2021-12-01,Centre-Val de Loire,1949310.0,1
2022-01-01,Centre-Val de Loire,2169467.0,-1
2022-02-01,Centre-Val de Loire,1704597.0,1
2022-03-01,Centre-Val de Loire,1650936.0,1
2022-04-01,Centre-Val de Loire,1412704.0,1
2022-05-01,Centre-Val de Loire,1266376.0,1
2022-06-01,Centre-Val de Loire,1181913.0,1
2022-07-01,Centre-Val de Loire,1241706.0,1
2022-08-01,Centre-Val de Loire,1164739.0,1
2022-09-01,Centre-Val de Loire,1159827.0,1
2022-10-01,Centre-Val de Loire,1217155.0,1
2022-11-01,Centre-Val de Loire,1455129.0,1
2022-12-01,Centre-Val de Loire,1878497.0,1
2023-01-01,Centre-Val de Loire,1890937.0,1
2023-02-01,Centre-Val de Loire,1702747.0,1
2023-03-01,Centre-Val de Loire,1661345.0,1
2023-04-01,Centre-Val de Loire,1411564.0,1
2023-05-01,Centre-Val de Loire,1217141.0,1
2023-06-01,Centre-Val de Loire,1170264.0,1
2023-07-01,Centre-Val de Loire,1199256.0,1
2023-08-01,Centre-Val de Loire,1111098.0,-1
2023-09-01,Centre-Val de Loire,1157732.0,1
2023-10-01,Centre-Val de Loire,1305292.0,1
2023-11-01,Centre-Val de Loire,1670312.0,1
2023-12-01,Centre-Val de Loire,1812220.0,1
2014-01-01,Corse,242743.0,1
2014-02-01,Corse,208986.0,1
2014-03-01,Corse,211587.0,1
2014-04-01,Corse,156871.0,1
2014-05-01,Corse,138331.0,-1
2014-06-01,Corse,147829.0,1
2014-07-01,Corse,173630.0,1
2014-08-01,Corse,182890.0,1
2014-09-01,Corse,153523.0,1
2014-10-01,Corse,148946.0,1
2014-11-01,Corse,162837.0,1
2014-12-01,Corse,172150.0,1
2015-01-01,Corse,239848.0,1
2015-02-01,Corse,228288.0,1
2015-03-01,Corse,213009.0,1
2015-04-01,Corse,162742.0,1
2015-05-01,Corse,141525.0,1
2015-06-01,Corse,153434.0,1
2015-07-01,Corse,201722.0,1
2015-08-01,Corse,190950.0,1
2015-09-01,Corse,155346.0,1
2015-10-01,Corse,150707.0,1
2015-11-01,Corse,173320.0,1
2015-12-01,Corse,215707.0,1
2016-01-01,Corse,231394.0,1
2016-02-01,Corse,202995.0,1
2016-03-01,Corse,211399.0,1
2016-04-01,Corse,157831.0,1
2016-05-01,Corse,154585.0,1
2016-06-01,Corse,151272.0,1
2016-07-01,Corse,185466.0,1
2016-08-01,Corse,188246.0,1
2016-09-01,Corse,159544.0,1
2016-10-01,Corse,153257.0,1
2016-11-01,Corse,179198.0,1
2016-12-01,Corse,220836.0,1
2017-01-01,Corse,266214.0,-1
2017-02-01,Corse,200111.0,1
2017-03-01,Corse,188356.0,1
2017-04-01,Corse,162157.0,1
2017-05-01,Corse,153517.0,1
2017-06-01,Corse,164408.0,1
2017-07-01,Corse,192420.0,1
2017-08-01,Corse,203503.0,1
2017-09-01,Corse,155769.0,1
2017-10-01,Corse,148728.0,1
2017-11-01,Corse,193094.0,1
2017-12-01,Corse,254171.0,-1
2018-01-01,Corse,219795.0,1
2018-02-01,Corse,234619.0,1
2018-03-01,Corse,230325.0,1
2018-04-01,Corse,166930.0,1
2018-05-01,Corse,159303.0,1
2018-06-01,Corse,154370.0,1
2018-07-01,Corse,196273.0,1
2018-08-01,Corse,206398.0,1
2018-09-01,Corse,160147.0,1
2018-10-01,Corse,150663.0,1
2018-11-01,Corse,178292.0,1
2018-12-01,Corse,224128.0,1
2019-01-01,Corse,258838.0,-1
2019-02-01,Corse,220431.0,1
2019-03-01,Corse,195844.0,1
2019-04-01,Corse,187267.0,1
2019-05-01,Corse,174681.0,1
2019-06-01,Corse,167502.0,1
2019-07-01,Corse,205717.0,1
2019-08-01,Corse,203132.0,1
2019-09-01,Corse,163016.0,1
2019-10-01,Corse,147829.0,1
2019-11-01,Corse,190710.0,1
2019-12-01,Corse,211233.0,1
2020-01-01,Corse,236813.0,1
2020-02-01,Corse,195489.0,1
2020-03-01,Corse,205636.0,1
2020-04-01,Corse,157066.0,1
2020-05-01,Corse,128829.0,-1
2020-06-01,Corse,139522.0,1
2020-07-01,Corse,188598.0,1
2020-08-01,Corse,210332.0,1
2020-09-01,Corse,160856.0,1
2020-10-01,Corse,172189.0,1
2020-11-01,Corse,178841.0,1
2020-12-01,Corse,236543.0,1
2021-01-01,Corse,266155.0,-1
2021-02-01,Corse,205275.0,1
2021-03-01,Corse,214777.0,1
2021-04-01,Corse,185822.0,1
2021-05-01,Corse,159336.0,1
2021-06-01,Corse,165871.0,1
2021-07-01,Corse,206332.0,1
2021-08-01,Corse,209758.0,1
2021-09-01,Corse,168516.0,1
2021-10-01,Corse,161250.0,1
2021-11-01,Corse,186549.0,1
2021-12-01,Corse,240522.0,1
2022-01-01,Corse,249352.0,1
2022-02-01,Corse,208815.0,1
2022-03-01,Corse,227586.0,1
2022-04-01,Corse,189805.0,1
2022-05-01,Corse,160548.0,1
2022-06-01,Corse,182048.0,1
2022-07-01,Corse,224468.0,1
2022-08-01,Corse,219452.0,1
2022-09-01,Corse,173248.0,1
2022-10-01,Corse,147295.0,1
2022-11-01,Corse,161264.0,1
2022-12-01,Corse,203064.0,1
2023-01-01,Corse,232182.0,1
2023-02-01,Corse,211870.0,1
2023-03-01,Corse,188662.0,1
2023-04-01,Corse,169325.0,1
2023-05-01,Corse,158714.0,1
2023-06-01,Corse,167790.0,1
2023-07-01,Corse,218435.0,1
2023-08-01,Corse,213551.0,1
2023-09-01,Corse,169542.0,1
2023-10-01,Corse,151946.0,1
2023-11-01,Corse,166550.0,1
2023-12-01,Corse,212081.0,1
2014-01-01,Grand Est,4638104.0,1
2014-02-01,Grand Est,4208707.0,1
2014-03-01,Grand Est,4107765.0,1
2014-04-01,Grand Est,3543176.0,1
2014-05-01,Grand Est,3461430.0,1
2014-06-01,Grand Est,3292913.0,1
2014-07-01,Grand Est,3368713.0,1
2014-08-01,Grand Est,2971621.0,1
2014-09-01,Grand Est,3364228.0,1
2014-10-01,Grand Est,3769934.0,1
2014-11-01,Grand Est,4053547.0,1
2014-12-01,Grand Est,4547556.0,1
2015-01-01,Grand Est,4817323.0,-1
2015-02-01,Grand Est,4451705.0,1
2015-03-01,Grand Est,4250882.0,1
2015-04-01,Grand Est,3621323.0,1
2015-05-01,Grand Est,3373429.0,1
2015-06-01,Grand Est,3306657.0,1
2015-07-01,Grand Est,3336409.0,1
2015-08-01,Grand Est,3015650.0,1
2015-09-01,Grand Est,3390886.0,1
2015-10-01,Grand Est,3962215.0,1
2015-11-01,Grand Est,4087429.0,1
2015-12-01,Grand Est,4193792.0,1
2016-01-01,Grand Est,4785624.0,1
2016-02-01,Grand Est,4421551.0,1
2016-03-01,Grand Est,4509913.0,1
2016-04-01,Grand Est,3829777.0,1
2016-05-01,Grand Est,3488385.0,1
2016-06-01,Grand Est,3283630.0,1
2016-07-01,Grand Est,3284147.0,1
2016-08-01,Grand Est,3055827.0,1
2016-09-01,Grand Est,3375289.0,1
2016-10-01,Grand Est,3926922.0,1
2016-11-01,Grand Est,4384660.0,1
2016-12-01,Grand Est,4798669.0,1
2017-01-01,Grand Est,5366992.0,-1
2017-02-01,Grand Est,4240414.0,1
2017-03-01,Grand Est,4167517.0,1
2017-04-01,Grand Est,3630650.0,1
2017-05-01,Grand Est,3500303.0,1
2017-06-01,Grand Est,3337259.0,1
2017-07-01,Grand Est,3356432.0,1
2017-08-01,Grand Est,3037324.0,1
2017-09-01,Grand Est,3446300.0,1
2017-10-01,Grand Est,3847709.0,1
2017-11-01,Grand Est,4375333.0,1
2017-12-01,Grand Est,4698700.0,-1
2018-01-01,Grand Est,4518831.0,1
2018-02-01,Grand Est,4603519.0,1
2018-03-01,Grand Est,4593795.0,1
2018-04-01,Grand Est,3514199.0,1
2018-05-01,Grand Est,3353532.0,1
2018-06-01,Grand Est,3296044.0,1
2018-07-01,Grand Est,3397689.0,1
2018-08-01,Grand Est,3084256.0,1
2018-09-01,Grand Est,3291753.0,1
2018-10-01,Grand Est,3819464.0,1
2018-11-01,Grand Est,4236180.0,1
2018-12-01,Grand Est,4388498.0,1
2019-01-01,Grand Est,4927506.0,-1
2019-02-01,Grand Est,4154585.0,1
2019-03-01,Grand Est,4160826.0,1
2019-04-01,Grand Est,3686173.0,1
2019-05-01,Grand Est,3553994.0,1
2019-06-01,Grand Est,3229448.0,1
2019-07-01,Grand Est,3331207.0,1
2019-08-01,Grand Est,2992130.0,1
2019-09-01,Grand Est,3219358.0,1
2019-10-01,Grand Est,3749384.0,1
2019-11-01,Grand Est,4226080.0,1
2019-12-01,Grand Est,4469934.0,1
2020-01-01,Grand Est,4607303.0,1
2020-02-01,Grand Est,4092515.0,1
2020-03-01,Grand Est,3812252.0,1
2020-04-01,Grand Est,2840370.0,-1
2020-05-01,Grand Est,2980261.0,1
2020-06-01,Grand Est,3076935.0,1
2020-07-01,Grand Est,3222755.0,1
2020-08-01,Grand Est,2957015.0,1
2020-09-01,Grand Est,3200543.0,1
2020-10-01,Grand Est,3816520.0,1
2020-11-01,Grand Est,3970510.0,1
2020-12-01,Grand Est,4337323.0,1
2021-01-01,Grand Est,4769131.0,1
2021-02-01,Grand Est,4064224.0,1
2021-03-01,Grand Est,4235372.0,1
2021-04-01,Grand Est,3690977.0,1
2021-05-01,Grand Est,3525136.0,1
2021-06-01,Grand Est,3211455.0,1
2021-07-01,Grand Est,3210589.0,1
2021-08-01,Grand Est,2957958.0,1
2021-09-01,Grand Est,3240249.0,1
2021-10-01,Grand Est,3806196.0,1
2021-11-01,Grand Est,4305757.0,1
2021-12-01,Grand Est,4458898.0,1
2022-01-01,Grand Est,4746500.0,1
2022-02-01,Grand Est,4125847.0,1
2022-03-01,Grand Est,4169346.0,1
2022-04-01,Grand Est,3644169.0,1
2022-05-01,Grand Est,3272720.0,1
2022-06-01,Grand Est,3194671.0,1
2022-07-01,Grand Est,3192614.0,1
2022-08-01,Grand Est,2973477.0,1
2022-09-01,Grand Est,3162265.0,1
2022-10-01,Grand Est,3356422.0,1
2022-11-01,Grand Est,3618624.0,1
2022-12-01,Grand Est,4165564.0,1
2023-01-01,Grand Est,4199804.0,1
2023-02-01,Grand Est,3835865.0,1
2023-03-01,Grand Est,3874948.0,1
2023-04-01,Grand Est,3390760.0,1
2023-05-01,Grand Est,3052079.0,1
2023-06-01,Grand Est,2953860.0,1
2023-07-01,Grand Est,2996888.0,1
2023-08-01,Grand Est,2813798.0,-1
2023-09-01,Grand Est,2948527.0,1
2023-10-01,Grand Est,3278381.0,1
2023-11-01,Grand Est,3759862.0,1
2023-12-01,Grand Est,4015110.0,1
2014-01-01,Hauts-de-France,5132965.0,1
2014-02-01,Hauts-de-France,4599784.0,1
2014-03-01,Hauts-de-France,4522700.0,1
2014-04-01,Hauts-de-France,3959589.0,1
2014-05-01,Hauts-de-France,3895591.0,1
2014-06-01,Hauts-de-France,3610855.0,1
2014-07-01,Hauts-de-France,3687425.0,1
2014-08-01,Hauts-de-France,3332785.0,1
2014-09-01,Hauts-de-France,3714846.0,1
2014-10-01,Hauts-de-France,4130575.0,1
2014-11-01,Hauts-de-France,4458258.0,1
2014-12-01,Hauts-de-France,5074170.0,1
2015-01-01,Hauts-de-France,5352539.0,1
2015-02-01,Hauts-de-France,4868998.0,1
2015-03-01,Hauts-de-France,4831283.0,1
2015-04-01,Hauts-de-France,4081347.0,1
2015-05-01,Hauts-de-France,3799435.0,1
2015-06-01,Hauts-de-France,3614596.0,1
2015-07-01,Hauts-de-France,3577597.0,1
2015-08-01,Hauts-de-France,3256699.0,1
2015-09-01,Hauts-de-France,3741293.0,1
2015-10-01,Hauts-de-France,4297195.0,1
2015-11-01,Hauts-de-France,4433085.0,1
2015-12-01,Hauts-de-France,4552391.0,1
2016-01-01,Hauts-de-France,5157183.0,1
2016-02-01,Hauts-de-France,4808007.0,1
2016-03-01,Hauts-de-France,4859287.0,1
2016-04-01,Hauts-de-France,4171242.0,1
2016-05-01,Hauts-de-France,3771547.0,1
2016-06-01,Hauts-de-France,3667864.0,1
2016-07-01,Hauts-de-France,3565305.0,1
2016-08-01,Hauts-de-France,3346935.0,1
2016-09-01,Hauts-de-France,3620028.0,1
2016-10-01,Hauts-de-France,4203920.0,1
2016-11-01,Hauts-de-France,4718764.0,1
2016-12-01,Hauts-de-France,5092487.0,1
2017-01-01,Hauts-de-France,5650366.0,-1
2017-02-01,Hauts-de-France,4578462.0,1
2017-03-01,Hauts-de-France,4527978.0,1
2017-04-01,Hauts-de-France,3986392.0,1
2017-05-01,Hauts-de-France,3847488.0,1
2017-06-01,Hauts-de-France,3602364.0,1
2017-07-01,Hauts-de-France,3572452.0,1
2017-08-01,Hauts-de-France,3353360.0,1
2017-09-01,Hauts-de-France,3750637.0,1
2017-10-01,Hauts-de-France,4073541.0,1
2017-11-01,Hauts-de-France,4712034.0,1
2017-12-01,Hauts-de-France,5303440.0,-1
2018-01-01,Hauts-de-France,5455169.0,-1
2018-02-01,Hauts-de-France,5026619.0,1
2018-03-01,Hauts-de-France,4940503.0,1
2018-04-01,Hauts-de-France,3840252.0,1
2018-05-01,Hauts-de-France,3677780.0,1
2018-06-01,Hauts-de-France,3529289.0,1
2018-07-01,Hauts-de-France,3606756.0,1
2018-08-01,Hauts-de-France,3349706.0,1
2018-09-01,Hauts-de-France,3635065.0,1
2018-10-01,Hauts-de-France,4136976.0,1
2018-11-01,Hauts-de-France,4706832.0,1
2018-12-01,Hauts-de-France,4891235.0,1
2019-01-01,Hauts-de-France,5353313.0,-1
2019-02-01,Hauts-de-France,4529304.0,1
2019-03-01,Hauts-de-France,4592835.0,1
2019-04-01,Hauts-de-France,4003397.0,1
2019-05-01,Hauts-de-France,3857563.0,1
2019-06-01,Hauts-de-France,3485807.0,1
2019-07-01,Hauts-de-France,3585993.0,1
2019-08-01,Hauts-de-France,3272000.0,1
2019-09-01,Hauts-de-France,3523477.0,1
2019-10-01,Hauts-de-France,4068397.0,1
2019-11-01,Hauts-de-France,4569515.0,1
2019-12-01,Hauts-de-France,4790385.0,1
2020-01-01,Hauts-de-France,5028571.0,1
2020-02-01,Hauts-de-France,4584266.0,1
2020-03-01,Hauts-de-France,4407973.0,1
2020-04-01,Hauts-de-France,3287522.0,1
2020-05-01,Hauts-de-France,3369604.0,1
2020-06-01,Hauts-de-France,3301310.0,1
2020-07-01,Hauts-de-France,3476479.0,1
2020-08-01,Hauts-de-France,3219650.0,-1
2020-09-01,Hauts-de-France,3528410.0,1
2020-10-01,Hauts-de-France,4096935.0,1
2020-11-01,Hauts-de-France,4222488.0,1
2020-12-01,Hauts-de-France,4720424.0,1
2021-01-01,Hauts-de-France,5186738.0,1
2021-02-01,Hauts-de-France,4510770.0,1
2021-03-01,Hauts-de-France,4595054.0,1
2021-04-01,Hauts-de-France,4141593.0,1
2021-05-01,Hauts-de-France,3854110.0,1
2021-06-01,Hauts-de-France,3467168.0,1
2021-07-01,Hauts-de-France,3504225.0,1
2021-08-01,Hauts-de-France,3279064.0,1
2021-09-01,Hauts-de-France,3565122.0,1
2021-10-01,Hauts-de-France,4107800.0,1
2021-11-01,Hauts-de-France,4577847.0,1
2021-12-01,Hauts-de-France,4852611.0,1
2022-01-01,Hauts-de-France,5017180.0,1
2022-02-01,Hauts-de-France,4244435.0,1
2022-03-01,Hauts-de-France,4376940.0,1
2022-04-01,Hauts-de-France,3920724.0,1
2022-05-01,Hauts-de-France,3666103.0,1
2022-06-01,Hauts-de-France,3489079.0,1
2022-07-01,Hauts-de-France,3522243.0,1
2022-08-01,Hauts-de-France,3257508.0,1
2022-09-01,Hauts-de-France,3463947.0,1
2022-10-01,Hauts-de-France,3684661.0,1
2022-11-01,Hauts-de-France,4012042.0,1
2022-12-01,Hauts-de-France,4596574.0,1
2023-01-01,Hauts-de-France,4534472.0,1
2023-02-01,Hauts-de-France,4129579.0,1
2023-03-01,Hauts-de-France,4286682.0,1
2023-04-01,Hauts-de-France,3829517.0,1
2023-05-01,Hauts-de-France,3454647.0,1
2023-06-01,Hauts-de-France,3294948.0,1
2023-07-01,Hauts-de-France,3372793.0,1
2023-08-01,Hauts-de-France,3188693.0,-1
2023-09-01,Hauts-de-France,3435496.0,1
2023-10-01,Hauts-de-France,3799212.0,1
2023-11-01,Hauts-de-France,4305632.0,1
2023-12-01,Hauts-de-France,4566273.0,1
2014-01-01,Normandie,2892154.0,1
2014-02-01,Normandie,2621992.0,1
2014-03-01,Normandie,2554109.0,1
2014-04-01,Normandie,2191327.0,1
2014-05-01,Normandie,2065504.0,1
2014-06-01,Normandie,1880072.0,1
2014-07-01,Normandie,1927454.0,1
2014-08-01,Normandie,1837452.0,1
2014-09-01,Normandie,1919498.0,1
2014-10-01,Normandie,2181202.0,1
2014-11-01,Normandie,2466365.0,1
2014-12-01,Normandie,2957794.0,1
2015-01-01,Normandie,3069858.0,-1
2015-02-01,Normandie,2846634.0,1
2015-03-01,Normandie,2737603.0,1
2015-04-01,Normandie,2209212.0,1
2015-05-01,Normandie,2073320.0,1
2015-06-01,Normandie,1913121.0,1
2015-07-01,Normandie,1913430.0,1
2015-08-01,Normandie,1780063.0,1
2015-09-01,Normandie,1978194.0,1
2015-10-01,Normandie,2305305.0,1
2015-11-01,Normandie,2395740.0,1
2015-12-01,Normandie,2563456.0,1
2016-01-01,Normandie,2968913.0,1
2016-02-01,Normandie,2764129.0,1
2016-03-01,Normandie,2844724.0,1
2016-04-01,Normandie,2439787.0,1
2016-05-01,Normandie,2027062.0,1
2016-06-01,Normandie,1918189.0,1
2016-07-01,Normandie,1937672.0,1
2016-08-01,Normandie,1860670.0,1
2016-09-01,Normandie,1928780.0,1
2016-10-01,Normandie,2296143.0,1
2016-11-01,Normandie,2649844.0,1
2016-12-01,Normandie,3008635.0,1
2017-01-01,Normandie,3303897.0,-1
2017-02-01,Normandie,2624187.0,1
2017-03-01,Normandie,2557478.0,1
2017-04-01,Normandie,2224688.0,1
2017-05-01,Normandie,2072401.0,1
2017-06-01,Normandie,1886616.0,1
2017-07-01,Normandie,1925333.0,1
2017-08-01,Normandie,1823490.0,1
2017-09-01,Normandie,1960778.0,1
2017-10-01,Normandie,2183897.0,1
2017-11-01,Normandie,2604378.0,1
2017-12-01,Normandie,2968107.0,1
2018-01-01,Normandie,2903465.0,1
2018-02-01,Normandie,2946184.0,1
2018-03-01,Normandie,2889006.0,1
2018-04-01,Normandie,2193204.0,1
2018-05-01,Normandie,1941308.0,1
2018-06-01,Normandie,1835156.0,1
2018-07-01,Normandie,1912389.0,1
2018-08-01,Normandie,1805082.0,1
2018-09-01,Normandie,1902897.0,1
2018-10-01,Normandie,2232933.0,1
2018-11-01,Normandie,2629232.0,1
2018-12-01,Normandie,2799555.0,1
2019-01-01,Normandie,3111797.0,-1
2019-02-01,Normandie,2613670.0,1
2019-03-01,Normandie,2597420.0,1
2019-04-01,Normandie,2267664.0,1
2019-05-01,Normandie,2117796.0,1
2019-06-01,Normandie,1868400.0,1
2019-07-01,Normandie,1905555.0,1
2019-08-01,Normandie,1770753.0,1
2019-09-01,Normandie,1849809.0,1
2019-10-01,Normandie,2174315.0,1
2019-11-01,Normandie,2621149.0,1
2019-12-01,Normandie,2844318.0,1
2020-01-01,Normandie,2962523.0,1
2020-02-01,Normandie,2633473.0,1
2020-03-01,Normandie,2566036.0,1
2020-04-01,Normandie,1848535.0,1
2020-05-01,Normandie,1806224.0,1
2020-06-01,Normandie,1757587.0,1
2020-07-01,Normandie,1817836.0,1
2020-08-01,Normandie,1736463.0,-1
2020-09-01,Normandie,1851018.0,1
2020-10-01,Normandie,2255080.0,1
2020-11-01,Normandie,2387710.0,1
2020-12-01,Normandie,2807962.0,1
2021-01-01,Normandie,3077091.0,-1
2021-02-01,Normandie,2644368.0,1
2021-03-01,Normandie,2655428.0,1
2021-04-01,Normandie,2280239.0,1
2021-05-01,Normandie,2060491.0,1
2021-06-01,Normandie,1875283.0,1
2021-07-01,Normandie,1842376.0,1
2021-08-01,Normandie,1747946.0,1
2021-09-01,Normandie,1846664.0,1
2021-10-01,Normandie,2136742.0,1
2021-11-01,Normandie,2536180.0,1
2021-12-01,Normandie,2788216.0,1
2022-01-01,Normandie,3010280.0,1
2022-02-01,Normandie,2657529.0,1
2022-03-01,Normandie,2515572.0,1
2022-04-01,Normandie,2234801.0,1
2022-05-01,Normandie,1923004.0,1
2022-06-01,Normandie,1800196.0,1
2022-07-01,Normandie,1796064.0,1
2022-08-01,Normandie,1763728.0,1
2022-09-01,Normandie,1818449.0,1
2022-10-01,Normandie,1779711.0,1
2022-11-01,Normandie,2181994.0,1
2022-12-01,Normandie,2846810.0,1
2023-01-01,Normandie,2753511.0,1
2023-02-01,Normandie,2417245.0,1
2023-03-01,Normandie,2402208.0,1
2023-04-01,Normandie,2055528.0,1
2023-05-01,Normandie,1821572.0,1
2023-06-01,Normandie,1712146.0,-1
2023-07-01,Normandie,1754911.0,1
2023-08-01,Normandie,1750164.0,1
2023-09-01,Normandie,1818997.0,1
2023-10-01,Normandie,2056855.0,1
2023-11-01,Normandie,2388834.0,1
2023-12-01,Normandie,2648361.0,1
2014-01-01,Nouvelle-Aquitaine,4433028.0,1
2014-02-01,Nouvelle-Aquitaine,4092360.0,1
2014-03-01,Nouvelle-Aquitaine,3914701.0,1
2014-04-01,Nouvelle-Aquitaine,3187310.0,1
2014-05-01,Nouvelle-Aquitaine,3062806.0,1
2014-06-01,Nouvelle-Aquitaine,2893066.0,1
2014-07-01,Nouvelle-Aquitaine,3088761.0,1
2014-08-01,Nouvelle-Aquitaine,2846355.0,1
2014-09-01,Nouvelle-Aquitaine,2931305.0,1
2014-10-01,Nouvelle-Aquitaine,3130368.0,1
2014-11-01,Nouvelle-Aquitaine,3531556.0,1
2014-12-01,Nouvelle-Aquitaine,4544022.0,1
2015-01-01,Nouvelle-Aquitaine,4910200.0,-1
2015-02-01,Nouvelle-Aquitaine,4525246.0,1
2015-03-01,Nouvelle-Aquitaine,4145942.0,1
2015-04-01,Nouvelle-Aquitaine,3252051.0,1
2015-05-01,Nouvelle-Aquitaine,2937881.0,1
2015-06-01,Nouvelle-Aquitaine,2962304.0,1
2015-07-01,Nouvelle-Aquitaine,3273057.0,1
2015-08-01,Nouvelle-Aquitaine,2942930.0,1
2015-09-01,Nouvelle-Aquitaine,2957498.0,1
2015-10-01,Nouvelle-Aquitaine,3476926.0,1
2015-11-01,Nouvelle-Aquitaine,3646352.0,1
2015-12-01,Nouvelle-Aquitaine,4138621.0,1
2016-01-01,Nouvelle-Aquitaine,4514107.0,1
2016-02-01,Nouvelle-Aquitaine,4251251.0,1
2016-03-01,Nouvelle-Aquitaine,4309560.0,1
2016-04-01,Nouvelle-Aquitaine,3589214.0,1
2016-05-01,Nouvelle-Aquitaine,3099889.0,1
2016-06-01,Nouvelle-Aquitaine,2930717.0,1
2016-07-01,Nouvelle-Aquitaine,3194061.0,1
2016-08-01,Nouvelle-Aquitaine,3122270.0,1
2016-09-01,Nouvelle-Aquitaine,2987346.0,1
2016-10-01,Nouvelle-Aquitaine,3409501.0,1
2016-11-01,Nouvelle-Aquitaine,3990979.0,1
2016-12-01,Nouvelle-Aquitaine,4628070.0,1
2017-01-01,Nouvelle-Aquitaine,5373403.0,-1
2017-02-01,Nouvelle-Aquitaine,3982349.0,1
2017-03-01,Nouvelle-Aquitaine,3898828.0,1
2017-04-01,Nouvelle-Aquitaine,3297782.0,1
2017-05-01,Nouvelle-Aquitaine,3108684.0,1
2017-06-01,Nouvelle-Aquitaine,2998842.0,1
2017-07-01,Nouvelle-Aquitaine,3127375.0,1
2017-08-01,Nouvelle-Aquitaine,3064528.0,1
2017-09-01,Nouvelle-Aquitaine,3004378.0,1
2017-10-01,Nouvelle-Aquitaine,3232425.0,1
2017-11-01,Nouvelle-Aquitaine,4176583.0,1
2017-12-01,Nouvelle-Aquitaine,4844921.0,-1
2018-01-01,Nouvelle-Aquitaine,4506627.0,1
2018-02-01,Nouvelle-Aquitaine,4731133.0,1
2018-03-01,Nouvelle-Aquitaine,4391766.0,1
2018-04-01,Nouvelle-Aquitaine,3280046.0,1
2018-05-01,Nouvelle-Aquitaine,3095969.0,1
2018-06-01,Nouvelle-Aquitaine,2913339.0,1
2018-07-01,Nouvelle-Aquitaine,3226191.0,1
2018-08-01,Nouvelle-Aquitaine,3131643.0,1
2018-09-01,Nouvelle-Aquitaine,2947566.0,1
2018-10-01,Nouvelle-Aquitaine,3305652.0,1
2018-11-01,Nouvelle-Aquitaine,4017941.0,1
2018-12-01,Nouvelle-Aquitaine,4295209.0,1
2019-01-01,Nouvelle-Aquitaine,5137527.0,-1
2019-02-01,Nouvelle-Aquitaine,4029600.0,1
2019-03-01,Nouvelle-Aquitaine,3878484.0,1
2019-04-01,Nouvelle-Aquitaine,3420611.0,1
2019-05-01,Nouvelle-Aquitaine,3206083.0,1
2019-06-01,Nouvelle-Aquitaine,2956810.0,1
2019-07-01,Nouvelle-Aquitaine,3235069.0,1
2019-08-01,Nouvelle-Aquitaine,3019891.0,1
2019-09-01,Nouvelle-Aquitaine,2889077.0,1
2019-10-01,Nouvelle-Aquitaine,3194167.0,1
2019-11-01,Nouvelle-Aquitaine,4128510.0,1
2019-12-01,Nouvelle-Aquitaine,4362949.0,1
2020-01-01,Nouvelle-Aquitaine,4604189.0,1
2020-02-01,Nouvelle-Aquitaine,3947302.0,1
2020-03-01,Nouvelle-Aquitaine,3866823.0,1
2020-04-01,Nouvelle-Aquitaine,2834233.0,1
2020-05-01,Nouvelle-Aquitaine,2819678.0,1
2020-06-01,Nouvelle-Aquitaine,2833461.0,1
2020-07-01,Nouvelle-Aquitaine,3176598.0,1
2020-08-01,Nouvelle-Aquitaine,3058803.0,1
2020-09-01,Nouvelle-Aquitaine,2984182.0,1
2020-10-01,Nouvelle-Aquitaine,3551642.0,1
2020-11-01,Nouvelle-Aquitaine,3655177.0,1
2020-12-01,Nouvelle-Aquitaine,4559882.0,1
2021-01-01,Nouvelle-Aquitaine,5208006.0,-1
2021-02-01,Nouvelle-Aquitaine,3929103.0,1
2021-03-01,Nouvelle-Aquitaine,4032947.0,1
2021-04-01,Nouvelle-Aquitaine,3357054.0,1
2021-05-01,Nouvelle-Aquitaine,3187691.0,1
2021-06-01,Nouvelle-Aquitaine,2854056.0,1
2021-07-01,Nouvelle-Aquitaine,3093549.0,1
2021-08-01,Nouvelle-Aquitaine,3042102.0,1
2021-09-01,Nouvelle-Aquitaine,2992892.0,1
2021-10-01,Nouvelle-Aquitaine,3313801.0,1
2021-11-01,Nouvelle-Aquitaine,4207631.0,1
2021-12-01,Nouvelle-Aquitaine,4669379.0,1
2022-01-01,Nouvelle-Aquitaine,5064169.0,-1
2022-02-01,Nouvelle-Aquitaine,3962008.0,1
2022-03-01,Nouvelle-Aquitaine,3876048.0,1
2022-04-01,Nouvelle-Aquitaine,3422083.0,1
2022-05-01,Nouvelle-Aquitaine,2971997.0,1
2022-06-01,Nouvelle-Aquitaine,2932972.0,1
2022-07-01,Nouvelle-Aquitaine,3160590.0,1
2022-08-01,Nouvelle-Aquitaine,3007778.0,1
2022-09-01,Nouvelle-Aquitaine,2818354.0,1
2022-10-01,Nouvelle-Aquitaine,2799962.0,1
2022-11-01,Nouvelle-Aquitaine,3271389.0,1
2022-12-01,Nouvelle-Aquitaine,4187765.0,1
2023-01-01,Nouvelle-Aquitaine,4292077.0,1
2023-02-01,Nouvelle-Aquitaine,4075452.0,1
2023-03-01,Nouvelle-Aquitaine,3810247.0,1
2023-04-01,Nouvelle-Aquitaine,3134285.0,1
2023-05-01,Nouvelle-Aquitaine,2845921.0,1
2023-06-01,Nouvelle-Aquitaine,2799289.0,1
2023-07-01,Nouvelle-Aquitaine,2985546.0,1
2023-08-01,Nouvelle-Aquitaine,3111595.0,1
2023-09-01,Nouvelle-Aquitaine,2880994.0,1
2023-10-01,Nouvelle-Aquitaine,2983208.0,1
2023-11-01,Nouvelle-Aquitaine,3626415.0,1
2023-12-01,Nouvelle-Aquitaine,4266100.0,1
2014-01-01,Occitanie,3904869.0,1
2014-02-01,Occitanie,3525723.0,1
2014-03-01,Occitanie,3359042.0,1
2014-04-01,Occitanie,2690971.0,1
2014-05-01,Occitanie,2533685.0,1
2014-06-01,Occitanie,2483080.0,1
2014-07-01,Occitanie,2608611.0,1
2014-08-01,Occitanie,2540238.0,1
2014-09-01,Occitanie,2574719.0,1
2014-10-01,Occitanie,2564371.0,1
2014-11-01,Occitanie,2980696.0,1
2014-12-01,Occitanie,4000371.0,1
2015-01-01,Occitanie,4310974.0,1
2015-02-01,Occitanie,4031792.0,1
2015-03-01,Occitanie,3517281.0,1
2015-04-01,Occitanie,2720483.0,1
2015-05-01,Occitanie,2481893.0,1
2015-06-01,Occitanie,2526017.0,1
2015-07-01,Occitanie,2890384.0,1
2015-08-01,Occitanie,2566409.0,1
2015-09-01,Occitanie,2448533.0,1
2015-10-01,Occitanie,2848897.0,1
2015-11-01,Occitanie,3147163.0,1
2015-12-01,Occitanie,3611108.0,1
2016-01-01,Occitanie,3956587.0,1
2016-02-01,Occitanie,3641168.0,1
2016-03-01,Occitanie,3693081.0,1
2016-04-01,Occitanie,2927132.0,1
2016-05-01,Occitanie,2635344.0,1
2016-06-01,Occitanie,2501105.0,1
2016-07-01,Occitanie,2777088.0,1
2016-08-01,Occitanie,2766858.0,1
2016-09-01,Occitanie,2645011.0,1
2016-10-01,Occitanie,2844557.0,1
2016-11-01,Occitanie,3351437.0,1
2016-12-01,Occitanie,3993578.0,1
2017-01-01,Occitanie,4786233.0,-1
2017-02-01,Occitanie,3446522.0,1
2017-03-01,Occitanie,3277644.0,1
2017-04-01,Occitanie,2723330.0,1
2017-05-01,Occitanie,2653701.0,1
2017-06-01,Occitanie,2678085.0,1
2017-07-01,Occitanie,2759315.0,1
2017-08-01,Occitanie,2784236.0,1
2017-09-01,Occitanie,2578784.0,1
2017-10-01,Occitanie,2703547.0,1
2017-11-01,Occitanie,3617788.0,1
2017-12-01,Occitanie,4469069.0,-1
2018-01-01,Occitanie,3967825.0,1
2018-02-01,Occitanie,4175682.0,1
2018-03-01,Occitanie,3876791.0,1
2018-04-01,Occitanie,2882499.0,1
2018-05-01,Occitanie,2714596.0,1
2018-06-01,Occitanie,2547448.0,1
2018-07-01,Occitanie,2919300.0,1
2018-08-01,Occitanie,2863948.0,1
2018-09-01,Occitanie,2618225.0,1
2018-10-01,Occitanie,2830746.0,1
2018-11-01,Occitanie,3417963.0,1
2018-12-01,Occitanie,3870360.0,1
2019-01-01,Occitanie,4683921.0,-1
2019-02-01,Occitanie,3624291.0,1
2019-03-01,Occitanie,3339592.0,1
2019-04-01,Occitanie,3063542.0,1
2019-05-01,Occitanie,2714363.0,1
2019-06-01,Occitanie,2560374.0,1
2019-07-01,Occitanie,3006994.0,1
2019-08-01,Occitanie,2769967.0,1
2019-09-01,Occitanie,2603228.0,1
2019-10-01,Occitanie,2687448.0,1
2019-11-01,Occitanie,3518287.0,1
2019-12-01,Occitanie,3722827.0,1
2020-01-01,Occitanie,4125496.0,1
2020-02-01,Occitanie,3373523.0,1
2020-03-01,Occitanie,3296526.0,1
2020-04-01,Occitanie,2525874.0,1
2020-05-01,Occitanie,2389046.0,-1
2020-06-01,Occitanie,2466502.0,1
2020-07-01,Occitanie,2876911.0,1
2020-08-01,Occitanie,2808063.0,1
2020-09-01,Occitanie,2623162.0,1
2020-10-01,Occitanie,3018559.0,1
2020-11-01,Occitanie,3123072.0,1
2020-12-01,Occitanie,4152541.0,1
2021-01-01,Occitanie,4617110.0,-1
2021-02-01,Occitanie,3318883.0,1
2021-03-01,Occitanie,3439414.0,1
2021-04-01,Occitanie,2925681.0,1
2021-05-01,Occitanie,2640161.0,1
2021-06-01,Occitanie,2580147.0,1
2021-07-01,Occitanie,2776141.0,1
2021-08-01,Occitanie,2740421.0,1
2021-09-01,Occitanie,2567567.0,1
2021-10-01,Occitanie,2756403.0,1
2021-11-01,Occitanie,3612262.0,1
2021-12-01,Occitanie,4188070.0,1
2022-01-01,Occitanie,4539067.0,-1
2022-02-01,Occitanie,3487687.0,1
2022-03-01,Occitanie,3569015.0,1
2022-04-01,Occitanie,3030205.0,1
2022-05-01,Occitanie,2565040.0,1
2022-06-01,Occitanie,2676893.0,1
2022-07-01,Occitanie,2992248.0,1
2022-08-01,Occitanie,2920157.0,1
2022-09-01,Occitanie,2549187.0,1
2022-10-01,Occitanie,2442100.0,1
2022-11-01,Occitanie,2891113.0,1
2022-12-01,Occitanie,3640175.0,1
2023-01-01,Occitanie,4087079.0,1
2023-02-01,Occitanie,3502235.0,1
2023-03-01,Occitanie,3151673.0,1
2023-04-01,Occitanie,2669465.0,1
2023-05-01,Occitanie,2457584.0,1
2023-06-01,Occitanie,2484693.0,1
2023-07-01,Occitanie,2860506.0,1
2023-08-01,Occitanie,2785635.0,1
2023-09-01,Occitanie,2530497.0,1
2023-10-01,Occitanie,2505106.0,1
2023-11-01,Occitanie,3059995.0,1
2023-12-01,Occitanie,3671767.0,1
2014-01-01,Pays de la Loire,2855587.0,1
2014-02-01,Pays de la Loire,2603814.0,1
2014-03-01,Pays de la Loire,2474497.0,1
2014-04-01,Pays de la Loire,2076800.0,1
2014-05-01,Pays de la Loire,1901466.0,1
2014-06-01,Pays de la Loire,1790919.0,1
2014-07-01,Pays de la Loire,1874925.0,1
2014-08-01,Pays de la Loire,1688013.0,-1
2014-09-01,Pays de la Loire,1801881.0,1
2014-10-01,Pays de la Loire,1980667.0,1
2014-11-01,Pays de la Loire,2260803.0,1
2014-12-01,Pays de la Loire,2816671.0,1
2015-01-01,Pays de la Loire,3005485.0,1
2015-02-01,Pays de la Loire,2827960.0,1
2015-03-01,Pays de la Loire,2645698.0,1
2015-04-01,Pays de la Loire,2055788.0,1
2015-05-01,Pays de la Loire,1855161.0,1
2015-06-01,Pays de la Loire,1791808.0,1
2015-07-01,Pays de la Loire,1881434.0,1
2015-08-01,Pays de la Loire,1725481.0,1
2015-09-01,Pays de la Loire,1825728.0,1
2015-10-01,Pays de la Loire,2161055.0,1
2015-11-01,Pays de la Loire,2238622.0,1
2015-12-01,Pays de la Loire,2534130.0,1
2016-01-01,Pays de la Loire,2871216.0,1
2016-02-01,Pays de la Loire,2671109.0,1
2016-03-01,Pays de la Loire,2740571.0,1
2016-04-01,Pays de la Loire,2331862.0,1
2016-05-01,Pays de la Loire,1933881.0,1
2016-06-01,Pays de la Loire,1792110.0,1
2016-07-01,Pays de la Loire,1839356.0,1
2016-08-01,Pays de la Loire,1774873.0,1
2016-09-01,Pays de la Loire,1824117.0,1
2016-10-01,Pays de la Loire,2186991.0,1
2016-11-01,Pays de la Loire,2522715.0,1
2016-12-01,Pays de la Loire,2957736.0,1
2017-01-01,Pays de la Loire,3338745.0,-1
2017-02-01,Pays de la Loire,2565761.0,1
2017-03-01,Pays de la Loire,2511980.0,1
2017-04-01,Pays de la Loire,2094965.0,1
2017-05-01,Pays de la Loire,1966803.0,1
2017-06-01,Pays de la Loire,1842895.0,1
2017-07-01,Pays de la Loire,1872280.0,1
2017-08-01,Pays de la Loire,1768283.0,1
2017-09-01,Pays de la Loire,1856134.0,1
2017-10-01,Pays de la Loire,2034751.0,1
2017-11-01,Pays de la Loire,2544647.0,1
2017-12-01,Pays de la Loire,2927599.0,1
2018-01-01,Pays de la Loire,2808635.0,1
2018-02-01,Pays de la Loire,2960596.0,1
2018-03-01,Pays de la Loire,2827914.0,1
2018-04-01,Pays de la Loire,2130540.0,1
2018-05-01,Pays de la Loire,1916265.0,1
2018-06-01,Pays de la Loire,1829059.0,1
2018-07-01,Pays de la Loire,1918695.0,1
2018-08-01,Pays de la Loire,1782497.0,1
2018-09-01,Pays de la Loire,1811588.0,1
2018-10-01,Pays de la Loire,2106749.0,1
2018-11-01,Pays de la Loire,2566293.0,1
2018-12-01,Pays de la Loire,2730763.0,1
2019-01-01,Pays de la Loire,3099613.0,-1
2019-02-01,Pays de la Loire,2554999.0,1
2019-03-01,Pays de la Loire,2533166.0,1
2019-04-01,Pays de la Loire,2203101.0,1
2019-05-01,Pays de la Loire,1976802.0,1
2019-06-01,Pays de la Loire,1800479.0,1
2019-07-01,Pays de la Loire,1933710.0,1
2019-08-01,Pays de la Loire,1741101.0,1
2019-09-01,Pays de la Loire,1807783.0,1
2019-10-01,Pays de la Loire,2079706.0,1
2019-11-01,Pays de la Loire,2606390.0,1
2019-12-01,Pays de la Loire,2822439.0,1
2020-01-01,Pays de la Loire,2904280.0,1
2020-02-01,Pays de la Loire,2547379.0,1
2020-03-01,Pays de la Loire,2471709.0,1
2020-04-01,Pays de la Loire,1785164.0,1
2020-05-01,Pays de la Loire,1802253.0,1
2020-06-01,Pays de la Loire,1760183.0,1
2020-07-01,Pays de la Loire,1866282.0,1
2020-08-01,Pays de la Loire,1743464.0,1
2020-09-01,Pays de la Loire,1825654.0,1
2020-10-01,Pays de la Loire,2219175.0,1
2020-11-01,Pays de la Loire,2324216.0,1
2020-12-01,Pays de la Loire,2758293.0,1
2021-01-01,Pays de la Loire,3164713.0,-1
2021-02-01,Pays de la Loire,2616924.0,1
2021-03-01,Pays de la Loire,2585993.0,1
2021-04-01,Pays de la Loire,2136977.0,1
2021-05-01,Pays de la Loire,1930999.0,1
2021-06-01,Pays de la Loire,1739938.0,1
2021-07-01,Pays de la Loire,1812226.0,1
2021-08-01,Pays de la Loire,1717488.0,1
2021-09-01,Pays de la Loire,1890149.0,1
2021-10-01,Pays de la Loire,2092927.0,1
2021-11-01,Pays de la Loire,2721768.0,1
2021-12-01,Pays de la Loire,2953152.0,1
2022-01-01,Pays de la Loire,3104317.0,-1
2022-02-01,Pays de la Loire,2505487.0,1
2022-03-01,Pays de la Loire,2471857.0,1
2022-04-01,Pays de la Loire,2141879.0,1
2022-05-01,Pays de la Loire,1871608.0,1
2022-06-01,Pays de la Loire,1817284.0,1
2022-07-01,Pays de la Loire,1881667.0,1
2022-08-01,Pays de la Loire,1767741.0,1
2022-09-01,Pays de la Loire,1769915.0,1
2022-10-01,Pays de la Loire,1860541.0,1
2022-11-01,Pays de la Loire,2205216.0,1
2022-12-01,Pays de la Loire,2950814.0,1
2023-01-01,Pays de la Loire,2837225.0,1
2023-02-01,Pays de la Loire,2461618.0,1
2023-03-01,Pays de la Loire,2377466.0,1
2023-04-01,Pays de la Loire,1996103.0,1
2023-05-01,Pays de la Loire,1774430.0,1
2023-06-01,Pays de la Loire,1736686.0,1
2023-07-01,Pays de la Loire,1761748.0,1
2023-08-01,Pays de la Loire,1596247.0,-1
2023-09-01,Pays de la Loire,1728197.0,1
2023-10-01,Pays de la Loire,1877825.0,1
2023-11-01,Pays de la Loire,2285961.0,1
2023-12-01,Pays de la Loire,2529206.0,1
2014-01-01,Provence-Alpes-Côte d'Azur,4216384.0,1
2014-02-01,Provence-Alpes-Côte d'Azur,3835510.0,1
2014-03-01,Provence-Alpes-Côte d'Azur,3589509.0,1
2014-04-01,Provence-Alpes-Côte d'Azur,2969621.0,1
2014-05-01,Provence-Alpes-Côte d'Azur,2864237.0,1
2014-06-01,Provence-Alpes-Côte d'Azur,2828625.0,1
2014-07-01,Provence-Alpes-Côte d'Azur,3078709.0,1
2014-08-01,Provence-Alpes-Côte d'Azur,2981688.0,1
2014-09-01,Provence-Alpes-Côte d'Azur,2858338.0,1
2014-10-01,Provence-Alpes-Côte d'Azur,2919941.0,1
2014-11-01,Provence-Alpes-Côte d'Azur,3316476.0,1
2014-12-01,Provence-Alpes-Côte d'Azur,4071277.0,1
2015-01-01,Provence-Alpes-Côte d'Azur,4412194.0,1
2015-02-01,Provence-Alpes-Côte d'Azur,4127794.0,1
2015-03-01,Provence-Alpes-Côte d'Azur,3773690.0,1
2015-04-01,Provence-Alpes-Côte d'Azur,3031276.0,1
2015-05-01,Provence-Alpes-Côte d'Azur,2772792.0,1
2015-06-01,Provence-Alpes-Côte d'Azur,2826050.0,1
2015-07-01,Provence-Alpes-Côte d'Azur,3340097.0,1
2015-08-01,Provence-Alpes-Côte d'Azur,3108048.0,1
2015-09-01,Provence-Alpes-Côte d'Azur,2868508.0,1
2015-10-01,Provence-Alpes-Côte d'Azur,3154909.0,1
2015-11-01,Provence-Alpes-Côte d'Azur,3455135.0,1
2015-12-01,Provence-Alpes-Côte d'Azur,3886806.0,1
2016-01-01,Provence-Alpes-Côte d'Azur,4316573.0,-1
2016-02-01,Provence-Alpes-Côte d'Azur,3863402.0,1
2016-03-01,Provence-Alpes-Côte d'Azur,3881187.0,1
2016-04-01,Provence-Alpes-Côte d'Azur,3066445.0,1
2016-05-01,Provence-Alpes-Côte d'Azur,2910051.0,1
2016-06-01,Provence-Alpes-Côte d'Azur,2817635.0,1
2016-07-01,Provence-Alpes-Côte d'Azur,3174314.0,1
2016-08-01,Provence-Alpes-Côte d'Azur,3077598.0,1
2016-09-01,Provence-Alpes-Côte d'Azur,2971648.0,1
2016-10-01,Provence-Alpes-Côte d'Azur,3148593.0,1
2016-11-01,Provence-Alpes-Côte d'Azur,3609719.0,1
2016-12-01,Provence-Alpes-Côte d'Azur,4124975.0,1
2017-01-01,Provence-Alpes-Côte d'Azur,4720472.0,-1
2017-02-01,Provence-Alpes-Côte d'Azur,3560539.0,1
2017-03-01,Provence-Alpes-Côte d'Azur,3478746.0,1
2017-04-01,Provence-Alpes-Côte d'Azur,3009185.0,1
2017-05-01,Provence-Alpes-Côte d'Azur,2995706.0,1
2017-06-01,Provence-Alpes-Côte d'Azur,3019140.0,1
2017-07-01,Provence-Alpes-Côte d'Azur,3202465.0,1
2017-08-01,Provence-Alpes-Côte d'Azur,3180043.0,1
2017-09-01,Provence-Alpes-Côte d'Azur,2875401.0,1
2017-10-01,Provence-Alpes-Côte d'Azur,2940772.0,1
2017-11-01,Provence-Alpes-Côte d'Azur,3670722.0,1
2017-12-01,Provence-Alpes-Côte d'Azur,4592096.0,-1
2018-01-01,Provence-Alpes-Côte d'Azur,4025675.0,1
2018-02-01,Provence-Alpes-Côte d'Azur,4193890.0,1
2018-03-01,Provence-Alpes-Côte d'Azur,4032147.0,1
2018-04-01,Provence-Alpes-Côte d'Azur,3073657.0,1
2018-05-01,Provence-Alpes-Côte d'Azur,2872477.0,1
2018-06-01,Provence-Alpes-Côte d'Azur,2847664.0,1
2018-07-01,Provence-Alpes-Côte d'Azur,3200042.0,1
2018-08-01,Provence-Alpes-Côte d'Azur,3124666.0,1
2018-09-01,Provence-Alpes-Côte d'Azur,2782380.0,1
2018-10-01,Provence-Alpes-Côte d'Azur,2840733.0,1
2018-11-01,Provence-Alpes-Côte d'Azur,3424781.0,1
2018-12-01,Provence-Alpes-Côte d'Azur,4086704.0,1
2019-01-01,Provence-Alpes-Côte d'Azur,4665158.0,-1
2019-02-01,Provence-Alpes-Côte d'Azur,3782502.0,1
2019-03-01,Provence-Alpes-Côte d'Azur,3466094.0,1
2019-04-01,Provence-Alpes-Côte d'Azur,3242410.0,1
2019-05-01,Provence-Alpes-Côte d'Azur,2975848.0,1
2019-06-01,Provence-Alpes-Côte d'Azur,2908666.0,1
2019-07-01,Provence-Alpes-Côte d'Azur,3317991.0,1
2019-08-01,Provence-Alpes-Côte d'Azur,3184986.0,1
2019-09-01,Provence-Alpes-Côte d'Azur,2849472.0,1
2019-10-01,Provence-Alpes-Côte d'Azur,2887927.0,1
2019-11-01,Provence-Alpes-Côte d'Azur,3654162.0,1
2019-12-01,Provence-Alpes-Côte d'Azur,3904518.0,1
2020-01-01,Provence-Alpes-Côte d'Azur,4193105.0,1
2020-02-01,Provence-Alpes-Côte d'Azur,3608648.0,1
2020-03-01,Provence-Alpes-Côte d'Azur,3484630.0,1
2020-04-01,Provence-Alpes-Côte d'Azur,2723187.0,1
2020-05-01,Provence-Alpes-Côte d'Azur,2567534.0,-1
2020-06-01,Provence-Alpes-Côte d'Azur,2682472.0,1
2020-07-01,Provence-Alpes-Côte d'Azur,3102299.0,1
2020-08-01,Provence-Alpes-Côte d'Azur,3115410.0,1
2020-09-01,Provence-Alpes-Côte d'Azur,2820926.0,1
2020-10-01,Provence-Alpes-Côte d'Azur,3128141.0,1
2020-11-01,Provence-Alpes-Côte d'Azur,3269727.0,1
2020-12-01,Provence-Alpes-Côte d'Azur,4143267.0,1
2021-01-01,Provence-Alpes-Côte d'Azur,4585605.0,1
2021-02-01,Provence-Alpes-Côte d'Azur,3528351.0,1
2021-03-01,Provence-Alpes-Côte d'Azur,3626398.0,1
2021-04-01,Provence-Alpes-Côte d'Azur,3223095.0,1
2021-05-01,Provence-Alpes-Côte d'Azur,2938295.0,1
2021-06-01,Provence-Alpes-Côte d'Azur,2908481.0,1
2021-07-01,Provence-Alpes-Côte d'Azur,3222576.0,1
2021-08-01,Provence-Alpes-Côte d'Azur,3117268.0,1
2021-09-01,Provence-Alpes-Côte d'Azur,2894392.0,1
2021-10-01,Provence-Alpes-Côte d'Azur,2996499.0,1
2021-11-01,Provence-Alpes-Côte d'Azur,3575474.0,1
2021-12-01,Provence-Alpes-Côte d'Azur,4428490.0,1
2022-01-01,Provence-Alpes-Côte d'Azur,4485380.0,-1
2022-02-01,Provence-Alpes-Côte d'Azur,3584296.0,1
2022-03-01,Provence-Alpes-Côte d'Azur,3768722.0,1
2022-04-01,Provence-Alpes-Côte d'Azur,3057720.0,1
2022-05-01,Provence-Alpes-Côte d'Azur,2855194.0,1
2022-06-01,Provence-Alpes-Côte d'Azur,3015035.0,1
2022-07-01,Provence-Alpes-Côte d'Azur,3439274.0,1
2022-08-01,Provence-Alpes-Côte d'Azur,3288266.0,1
2022-09-01,Provence-Alpes-Côte d'Azur,2816204.0,1
2022-10-01,Provence-Alpes-Côte d'Azur,2687290.0,1
2022-11-01,Provence-Alpes-Côte d'Azur,3027818.0,1
2022-12-01,Provence-Alpes-Côte d'Azur,3779302.0,1
2023-01-01,Provence-Alpes-Côte d'Azur,4080121.0,1
2023-02-01,Provence-Alpes-Côte d'Azur,3644331.0,1
2023-03-01,Provence-Alpes-Côte d'Azur,3321574.0,1
2023-04-01,Provence-Alpes-Côte d'Azur,2879833.0,1
2023-05-01,Provence-Alpes-Côte d'Azur,2770640.0,1
2023-06-01,Provence-Alpes-Côte d'Azur,2812377.0,1
2023-07-01,Provence-Alpes-Côte d'Azur,3238491.0,1
2023-08-01,Provence-Alpes-Côte d'Azur,3135161.0,1
2023-09-01,Provence-Alpes-Côte d'Azur,2836487.0,1
2023-10-01,Provence-Alpes-Côte d'Azur,2721030.0,1
2023-11-01,Provence-Alpes-Côte d'Azur,3242686.0,1
2023-12-01,Provence-Alpes-Côte d'Azur,3876573.0,1
2014-01-01,Île-de-France,7729821.0,1
2014-02-01,Île-de-France,6852541.0,1
2014-03-01,Île-de-France,6581024.0,1
2014-04-01,Île-de-France,5452648.0,1
2014-05-01,Île-de-France,5329636.0,1
2014-06-01,Île-de-France,4868863.0,1
2014-07-01,Île-de-France,4940822.0,1
2014-08-01,Île-de-France,4399373.0,1
2014-09-01,Île-de-France,4927456.0,1
2014-10-01,Île-de-France,5605547.0,1
2014-11-01,Île-de-France,6345870.0,1
2014-12-01,Île-de-France,7969688.0,1
2015-01-01,Île-de-France,8501069.0,-1
2015-02-01,Île-de-France,7710684.0,1
2015-03-01,Île-de-France,7349275.0,1
2015-04-01,Île-de-France,5627491.0,1
2015-05-01,Île-de-France,5227688.0,1
2015-06-01,Île-de-France,4951532.0,1
2015-07-01,Île-de-France,4965489.0,1
2015-08-01,Île-de-France,4493311.0,1
2015-09-01,Île-de-France,5020206.0,1
2015-10-01,Île-de-France,6136231.0,1
2015-11-01,Île-de-France,6343054.0,1
2015-12-01,Île-de-France,6888930.0,1
2016-01-01,Île-de-France,7911484.0,1
2016-02-01,Île-de-France,7227813.0,1
2016-03-01,Île-de-France,7352723.0,1
2016-04-01,Île-de-France,6035130.0,1
2016-05-01,Île-de-France,5338522.0,1
2016-06-01,Île-de-France,5006320.0,1
2016-07-01,Île-de-France,4810646.0,1
2016-08-01,Île-de-France,4478699.0,1
2016-09-01,Île-de-France,4878174.0,1
2016-10-01,Île-de-France,5961298.0,1
2016-11-01,Île-de-France,6964199.0,1
2016-12-01,Île-de-France,8027265.0,-1
2017-01-01,Île-de-France,9027080.0,-1
2017-02-01,Île-de-France,6766191.0,1
2017-03-01,Île-de-France,6538759.0,1
2017-04-01,Île-de-France,5545082.0,1
2017-05-01,Île-de-France,5277267.0,1
2017-06-01,Île-de-France,4880483.0,1
2017-07-01,Île-de-France,4748349.0,1
2017-08-01,Île-de-France,4394251.0,1
2017-09-01,Île-de-France,4969952.0,1
2017-10-01,Île-de-France,5523580.0,1
2017-11-01,Île-de-France,6832555.0,1
2017-12-01,Île-de-France,7776612.0,1
2018-01-01,Île-de-France,7157813.0,1
2018-02-01,Île-de-France,7797378.0,1
2018-03-01,Île-de-France,7528852.0,1
2018-04-01,Île-de-France,5362472.0,1
2018-05-01,Île-de-France,5067761.0,1
2018-06-01,Île-de-France,4819160.0,1
2018-07-01,Île-de-France,4956293.0,1
2018-08-01,Île-de-France,4430546.0,1
2018-09-01,Île-de-France,4753153.0,1
2018-10-01,Île-de-France,5601930.0,1
2018-11-01,Île-de-France,6849998.0,1
2018-12-01,Île-de-France,7349822.0,1
2019-01-01,Île-de-France,8208853.0,-1
2019-02-01,Île-de-France,6693030.0,1
2019-03-01,Île-de-France,6505700.0,1
2019-04-01,Île-de-France,5555930.0,1
2019-05-01,Île-de-France,5331552.0,1
2019-06-01,Île-de-France,4782282.0,1
2019-07-01,Île-de-France,4785007.0,1
2019-08-01,Île-de-France,4233721.0,1
2019-09-01,Île-de-France,4576007.0,1
2019-10-01,Île-de-France,5603564.0,1
2019-11-01,Île-de-France,6804429.0,1
2019-12-01,Île-de-France,7291338.0,1
2020-01-01,Île-de-France,7638474.0,1
2020-02-01,Île-de-France,6517915.0,1
2020-03-01,Île-de-France,6275082.0,1
2020-04-01,Île-de-France,4324764.0,1
2020-05-01,Île-de-France,4440914.0,1
2020-06-01,Île-de-France,4454864.0,1
2020-07-01,Île-de-France,4458483.0,1
2020-08-01,Île-de-France,4355877.0,1
2020-09-01,Île-de-France,4647610.0,1
2020-10-01,Île-de-France,5682384.0,1
2020-11-01,Île-de-France,5952102.0,1
2020-12-01,Île-de-France,7075861.0,1
2021-01-01,Île-de-France,7894661.0,1
2021-02-01,Île-de-France,6496759.0,1
2021-03-01,Île-de-France,6556546.0,1
2021-04-01,Île-de-France,5625496.0,1
2021-05-01,Île-de-France,5158803.0,1
2021-06-01,Île-de-France,4566871.0,1
2021-07-01,Île-de-France,4457591.0,1
2021-08-01,Île-de-France,4074933.0,-1
2021-09-01,Île-de-France,4598588.0,1
2021-10-01,Île-de-France,5542574.0,1
2021-11-01,Île-de-France,6835150.0,1
2021-12-01,Île-de-France,7370482.0,1
2022-01-01,Île-de-France,7839175.0,1
2022-02-01,Île-de-France,6509571.0,1
2022-03-01,Île-de-France,6359510.0,1
2022-04-01,Île-de-France,5547892.0,1
2022-05-01,Île-de-France,4746778.0,1
2022-06-01,Île-de-France,4567768.0,1
2022-07-01,Île-de-France,4509120.0,1
2022-08-01,Île-de-France,4241149.0,1
2022-09-01,Île-de-France,4523744.0,1
2022-10-01,Île-de-France,4797125.0,1
2022-11-01,Île-de-France,5650781.0,1
2022-12-01,Île-de-France,7219267.0,1
2023-01-01,Île-de-France,7028109.0,1
2023-02-01,Île-de-France,6113383.0,1
2023-03-01,Île-de-France,6175804.0,1
2023-04-01,Île-de-France,5327041.0,1
2023-05-01,Île-de-France,4563188.0,1
2023-06-01,Île-de-France,4421780.0,1
2023-07-01,Île-de-France,4229298.0,1
2023-08-01,Île-de-France,3977714.0,-1
2023-09-01,Île-de-France,4324416.0,1
2023-10-01,Île-de-France,4727074.0,1
2023-11-01,Île-de-France,5758437.0,1
2023-12-01,Île-de-France,6502143.0,1
